metric,value,unit,status,population,reason
profit_sol,,SOL,unknown,"In-window meme disposals less matched basis, exit costs and trading overhead","historical_population: Pinned wording does not explicitly guarantee closed, reassigned or both-program event-time historical membership.; interval_records: Terminal documented query membership is supported; historical wallet membership remains unproved.; event_ownership: Observed phase-specific owners/lifecycle, compared across all linked raw versions.; quantity_continuity: Observed absolute quantities/selected continuity and operation conservation; hidden history remains separately unproved.; classification: WSOL is settlement; nonsettlement meme eligibility requires an accepted time-relevant source contract.; acquisition_basis: Wallet disposed-unit basis requires historical population and only the acquisition units consumed in this independent interval.; economic_costs: Wallet interval costs require historical population and supported period charge roles.; metric_observation: Pinned wording does not explicitly guarantee closed, reassigned or both-program event-time historical membership.; Terminal documented query membership is supported; historical wallet membership remains unproved. Incomplete basis, chronology, classification or interrupted eligible episode Pinned wording does not explicitly guarantee closed, reassigned or both-program event-time historical membership.; Terminal documented query membership is supported; historical wallet membership remains unproved. Incomplete basis, chronology, classification or interrupted eligible episode"
realised_roi_pct,,%,unknown,Period net realised profit / disposed acquisition cost,"historical_population: Pinned wording does not explicitly guarantee closed, reassigned or both-program event-time historical membership.; interval_records: Terminal documented query membership is supported; historical wallet membership remains unproved.; event_ownership: Observed phase-specific owners/lifecycle, compared across all linked raw versions.; quantity_continuity: Observed absolute quantities/selected continuity and operation conservation; hidden history remains separately unproved.; classification: WSOL is settlement; nonsettlement meme eligibility requires an accepted time-relevant source contract.; acquisition_basis: Wallet disposed-unit basis requires historical population and only the acquisition units consumed in this independent interval.; economic_costs: Wallet interval costs require historical population and supported period charge roles.; metric_observation: Pinned wording does not explicitly guarantee closed, reassigned or both-program event-time historical membership.; Terminal documented query membership is supported; historical wallet membership remains unproved. Incomplete basis, chronology, classification or interrupted eligible episode Pinned wording does not explicitly guarantee closed, reassigned or both-program event-time historical membership.; Terminal documented query membership is supported; historical wallet membership remains unproved. Incomplete basis, chronology, classification or interrupted eligible episode"
median_roi_pct,,%,unknown,Whole-episode net ROI; strict-zero completed cohort,"historical_population: Pinned wording does not explicitly guarantee closed, reassigned or both-program event-time historical membership.; interval_records: Terminal documented query membership is supported; historical wallet membership remains unproved.; event_ownership: Observed phase-specific owners/lifecycle, compared across all linked raw versions.; quantity_continuity: Observed absolute quantities/selected continuity and operation conservation; hidden history remains separately unproved.; classification: WSOL is settlement; nonsettlement meme eligibility requires an accepted time-relevant source contract.; acquisition_basis: Wallet disposed-unit basis requires historical population and only the acquisition units consumed in this independent interval.; economic_costs: Wallet interval costs require historical population and supported period charge roles.; positions: Wallet positions require historical population plus supported mint-aggregate closed and open inventory.; metric_observation: Pinned wording does not explicitly guarantee closed, reassigned or both-program event-time historical membership.; Terminal documented query membership is supported; historical wallet membership remains unproved. Incomplete basis, chronology, classification or interrupted eligible episode Pinned wording does not explicitly guarantee closed, reassigned or both-program event-time historical membership.; Terminal documented query membership is supported; historical wallet membership remains unproved. Incomplete basis, chronology, classification or interrupted eligible episode"
win_rate_pct,,%,unknown,Net-positive strict-zero completed episodes / all completed episodes (breakeven included),"historical_population: Pinned wording does not explicitly guarantee closed, reassigned or both-program event-time historical membership.; interval_records: Terminal documented query membership is supported; historical wallet membership remains unproved.; event_ownership: Observed phase-specific owners/lifecycle, compared across all linked raw versions.; quantity_continuity: Observed absolute quantities/selected continuity and operation conservation; hidden history remains separately unproved.; classification: WSOL is settlement; nonsettlement meme eligibility requires an accepted time-relevant source contract.; acquisition_basis: Wallet disposed-unit basis requires historical population and only the acquisition units consumed in this independent interval.; economic_costs: Wallet interval costs require historical population and supported period charge roles.; positions: Wallet positions require historical population plus supported mint-aggregate closed and open inventory.; metric_observation: Pinned wording does not explicitly guarantee closed, reassigned or both-program event-time historical membership.; Terminal documented query membership is supported; historical wallet membership remains unproved. Incomplete basis, chronology, classification or interrupted eligible episode Pinned wording does not explicitly guarantee closed, reassigned or both-program event-time historical membership.; Terminal documented query membership is supported; historical wallet membership remains unproved. Incomplete basis, chronology, classification or interrupted eligible episode"
median_hold_hours,,hours,unknown,First acquisition to final sale; strict-zero closes inside reporting window,"historical_population: Pinned wording does not explicitly guarantee closed, reassigned or both-program event-time historical membership.; interval_records: Terminal documented query membership is supported; historical wallet membership remains unproved.; event_ownership: Observed phase-specific owners/lifecycle, compared across all linked raw versions.; quantity_continuity: Observed absolute quantities/selected continuity and operation conservation; hidden history remains separately unproved.; classification: WSOL is settlement; nonsettlement meme eligibility requires an accepted time-relevant source contract.; positions: Wallet positions require historical population plus supported mint-aggregate closed and open inventory.; metric_observation: Pinned wording does not explicitly guarantee closed, reassigned or both-program event-time historical membership.; Terminal documented query membership is supported; historical wallet membership remains unproved. Incomplete acquisition quantities, chronology, classification or interrupted eligible episode Pinned wording does not explicitly guarantee closed, reassigned or both-program event-time historical membership.; Terminal documented query membership is supported; historical wallet membership remains unproved. Incomplete acquisition quantities, chronology, classification or interrupted eligible episode"
completed_positions,,positions,unknown,Strict-zero completed episodes closing in report window,"historical_population: Pinned wording does not explicitly guarantee closed, reassigned or both-program event-time historical membership.; interval_records: Terminal documented query membership is supported; historical wallet membership remains unproved.; event_ownership: Observed phase-specific owners/lifecycle, compared across all linked raw versions.; quantity_continuity: Observed absolute quantities/selected continuity and operation conservation; hidden history remains separately unproved.; classification: WSOL is settlement; nonsettlement meme eligibility requires an accepted time-relevant source contract.; positions: Wallet positions require historical population plus supported mint-aggregate closed and open inventory.; metric_observation: Pinned wording does not explicitly guarantee closed, reassigned or both-program event-time historical membership.; Terminal documented query membership is supported; historical wallet membership remains unproved. Incomplete acquisition quantities, chronology, classification or interrupted eligible episode Pinned wording does not explicitly guarantee closed, reassigned or both-program event-time historical membership.; Terminal documented query membership is supported; historical wallet membership remains unproved. Incomplete acquisition quantities, chronology, classification or interrupted eligible episode"
completed_positions_90d,,positions,unknown,Strict-zero completed episodes closing in 90 days ending at report end,"historical_population: Pinned wording does not explicitly guarantee closed, reassigned or both-program event-time historical membership.; interval_records: Terminal documented query membership is supported; historical wallet membership remains unproved.; event_ownership: Observed phase-specific owners/lifecycle, compared across all linked raw versions.; quantity_continuity: Observed absolute quantities/selected continuity and operation conservation; hidden history remains separately unproved.; classification: WSOL is settlement; nonsettlement meme eligibility requires an accepted time-relevant source contract.; positions: Wallet positions require historical population plus supported mint-aggregate closed and open inventory.; metric_observation: Pinned wording does not explicitly guarantee closed, reassigned or both-program event-time historical membership.; Terminal documented query membership is supported; historical wallet membership remains unproved. Terminal documented query membership is supported; historical wallet membership remains unproved. Pinned wording does not explicitly guarantee closed, reassigned or both-program event-time historical membership.; Terminal documented query membership is supported; historical wallet membership remains unproved. Terminal documented query membership is supported; historical wallet membership remains unproved."
traded_mints,,mints,unknown,Distinct meme mint IDs traded in reporting window; settlement assets excluded,"historical_population: Pinned wording does not explicitly guarantee closed, reassigned or both-program event-time historical membership.; interval_records: Terminal documented query membership is supported; historical wallet membership remains unproved.; event_ownership: Observed phase-specific owners/lifecycle, compared across all linked raw versions.; quantity_continuity: Observed absolute quantities/selected continuity and operation conservation; hidden history remains separately unproved.; classification: WSOL is settlement; nonsettlement meme eligibility requires an accepted time-relevant source contract.; metric_observation: Pinned wording does not explicitly guarantee closed, reassigned or both-program event-time historical membership.; Terminal documented query membership is supported; historical wallet membership remains unproved. Classification or scope unresolved Pinned wording does not explicitly guarantee closed, reassigned or both-program event-time historical membership.; Terminal documented query membership is supported; historical wallet membership remains unproved. Classification or scope unresolved"
rapid_sale_pct,,%,unknown,Completed episodes with first positive economic sale within five minutes,"historical_population: Pinned wording does not explicitly guarantee closed, reassigned or both-program event-time historical membership.; interval_records: Terminal documented query membership is supported; historical wallet membership remains unproved.; event_ownership: Observed phase-specific owners/lifecycle, compared across all linked raw versions.; quantity_continuity: Observed absolute quantities/selected continuity and operation conservation; hidden history remains separately unproved.; classification: WSOL is settlement; nonsettlement meme eligibility requires an accepted time-relevant source contract.; positions: Wallet positions require historical population plus supported mint-aggregate closed and open inventory.; metric_observation: Pinned wording does not explicitly guarantee closed, reassigned or both-program event-time historical membership.; Terminal documented query membership is supported; historical wallet membership remains unproved. Incomplete eligible episode population or first positive sale consideration Pinned wording does not explicitly guarantee closed, reassigned or both-program event-time historical membership.; Terminal documented query membership is supported; historical wallet membership remains unproved. Incomplete eligible episode population or first positive sale consideration"
avg_buys,,buys/episode,unknown,Buy events per strict-zero completed episode,"historical_population: Pinned wording does not explicitly guarantee closed, reassigned or both-program event-time historical membership.; interval_records: Terminal documented query membership is supported; historical wallet membership remains unproved.; event_ownership: Observed phase-specific owners/lifecycle, compared across all linked raw versions.; quantity_continuity: Observed absolute quantities/selected continuity and operation conservation; hidden history remains separately unproved.; classification: WSOL is settlement; nonsettlement meme eligibility requires an accepted time-relevant source contract.; positions: Wallet positions require historical population plus supported mint-aggregate closed and open inventory.; metric_observation: Pinned wording does not explicitly guarantee closed, reassigned or both-program event-time historical membership.; Terminal documented query membership is supported; historical wallet membership remains unproved. Incomplete acquisition quantities, chronology, classification or interrupted eligible episode Pinned wording does not explicitly guarantee closed, reassigned or both-program event-time historical membership.; Terminal documented query membership is supported; historical wallet membership remains unproved. Incomplete acquisition quantities, chronology, classification or interrupted eligible episode"
avg_sells,,sells/episode,unknown,Sale events per strict-zero completed episode,"historical_population: Pinned wording does not explicitly guarantee closed, reassigned or both-program event-time historical membership.; interval_records: Terminal documented query membership is supported; historical wallet membership remains unproved.; event_ownership: Observed phase-specific owners/lifecycle, compared across all linked raw versions.; quantity_continuity: Observed absolute quantities/selected continuity and operation conservation; hidden history remains separately unproved.; classification: WSOL is settlement; nonsettlement meme eligibility requires an accepted time-relevant source contract.; positions: Wallet positions require historical population plus supported mint-aggregate closed and open inventory.; metric_observation: Pinned wording does not explicitly guarantee closed, reassigned or both-program event-time historical membership.; Terminal documented query membership is supported; historical wallet membership remains unproved. Incomplete acquisition quantities, chronology, classification or interrupted eligible episode Pinned wording does not explicitly guarantee closed, reassigned or both-program event-time historical membership.; Terminal documented query membership is supported; historical wallet membership remains unproved. Incomplete acquisition quantities, chronology, classification or interrupted eligible episode"
positive_weeks,,weeks,unknown,"Four independent consecutive seven-day periods over [report end - 28 days, report end)","historical_population: Pinned wording does not explicitly guarantee closed, reassigned or both-program event-time historical membership.; interval_records: Terminal documented query membership is supported; historical wallet membership remains unproved.; event_ownership: Observed phase-specific owners/lifecycle, compared across all linked raw versions.; quantity_continuity: Observed absolute quantities/selected continuity and operation conservation; hidden history remains separately unproved.; classification: WSOL is settlement; nonsettlement meme eligibility requires an accepted time-relevant source contract.; acquisition_basis: Wallet disposed-unit basis requires historical population and only the acquisition units consumed in this independent interval.; economic_costs: Wallet interval costs require historical population and supported period charge roles.; metric_observation: Pinned wording does not explicitly guarantee closed, reassigned or both-program event-time historical membership.; Terminal documented query membership is supported; historical wallet membership remains unproved. Independent four-week history, matched basis or costs remain unresolved Pinned wording does not explicitly guarantee closed, reassigned or both-program event-time historical membership.; Terminal documented query membership is supported; historical wallet membership remains unproved. Independent four-week history, matched basis or costs remain unresolved"
largest_contribution_pct,,%,unknown,Highest positive aggregate realised P&L for one mint / positive net period P&L,"historical_population: Pinned wording does not explicitly guarantee closed, reassigned or both-program event-time historical membership.; interval_records: Terminal documented query membership is supported; historical wallet membership remains unproved.; event_ownership: Observed phase-specific owners/lifecycle, compared across all linked raw versions.; quantity_continuity: Observed absolute quantities/selected continuity and operation conservation; hidden history remains separately unproved.; classification: WSOL is settlement; nonsettlement meme eligibility requires an accepted time-relevant source contract.; acquisition_basis: Wallet disposed-unit basis requires historical population and only the acquisition units consumed in this independent interval.; economic_costs: Wallet interval costs require historical population and supported period charge roles.; metric_observation: Pinned wording does not explicitly guarantee closed, reassigned or both-program event-time historical membership.; Terminal documented query membership is supported; historical wallet membership remains unproved. Incomplete basis, chronology, classification or interrupted eligible episode Pinned wording does not explicitly guarantee closed, reassigned or both-program event-time historical membership.; Terminal documented query membership is supported; historical wallet membership remains unproved. Incomplete basis, chronology, classification or interrupted eligible episode"
economic_pnl_sol,,SOL,unknown,Closing equity - opening equity - external deposits + withdrawals,"historical_population: Pinned wording does not explicitly guarantee closed, reassigned or both-program event-time historical membership.; interval_records: Terminal documented query membership is supported; historical wallet membership remains unproved.; event_ownership: Observed phase-specific owners/lifecycle, compared across all linked raw versions.; quantity_continuity: Observed absolute quantities/selected continuity and operation conservation; hidden history remains separately unproved.; boundary_inventory: Transaction endpoints/current snapshots are not exact all-account report-boundary inventories.; historical_marks: Derived dependency needs nonempty valid SHA-256 source references.; valued_external_flows: External flow roles/valuations cannot be defaulted to zero from selected trades.; economic_costs: Wallet interval costs require historical population and supported period charge roles.; metric_observation: Pinned wording does not explicitly guarantee closed, reassigned or both-program event-time historical membership.; Terminal documented query membership is supported; historical wallet membership remains unproved. No accepted genuine boundary inventory, historical mark and valued-flow adapter is present. Pinned wording does not explicitly guarantee closed, reassigned or both-program event-time historical membership.; Terminal documented query membership is supported; historical wallet membership remains unproved. No accepted genuine boundary inventory, historical mark and valued-flow adapter is present."
observed_network_fees_sol,0.000158868,SOL,known,Selected in-window records with an independently supported wallet fee payer; not all interval costs,
